E-mail Address,First Name,Last Name,Company Name,Position,LinkedIn Profile
alice.chen@techstart.io,Alice,Chen,TechStart,CTO,https://linkedin.com/in/alicechen
bob.smith@cloudnet.com,Bob,Smith,CloudNet,VP Sales,https://linkedin.com/in/bobsmith
carol.white@innovate.org,Carol,White,Innovate Non-Profit,Director,
david.jones@futureworks.co,David,Jones,FutureWorks,Founder,https://linkedin.com/in/djones
eva.green@greenenergy.com,Eva,Green,Green Energy,,
frank.miller@logistics.net,Frank,Miller,Logistics Bros,Operations Manager,
grace.lee@designstudio.com,Grace,Lee,Design Studio,Lead Designer,https://linkedin.com/in/gracelee
henry.wilson@fintech.io,Henry,Wilson,FinTech Solutions,CEO,
isabel.garcia@medcare.org,,Garcia,MedCare,doctor,
jack.brown@construction.com,Jack,Brown,Brown Construction,,
karen.davis@edu.edu,Karen,Davis,State University,Professor,
larry.thomas@auto.com,Larry,Thomas,Auto Parts Inc,Sales,
maria.rodriguez@legal.com,Maria,Rodriguez,Legal Partners,Attorney,https://linkedin.com/in/mariar
nathan.wright@retail.com,Nathan,Wright,Retail Giant,Store Manager,
olivia.kingsley@books.com,Olivia,Kingsley,Kingsley Books,Editor,
peter.parker@dailybugle.com,Peter,Parker,The Daily Bugle,Photographer,
quinn.taylor@music.com,Quinn,Taylor,Music Label,Producer,
rachel.adams@realestate.com,Rachel,Adams,Prime Real Estate,Agent,
steve.rogers@shield.gov,Steve,Rogers,S.H.I.E.L.D.,Captain,
tony.stark@stark.com,Tony,Stark,Stark Industries,CEO,https://linkedin.com/in/tonystark
